{
  "roc_auc": 0.9554947757405694,
  "pr_auc": 0.9976171167373961,
  "threshold_default": 0.5,
  "accuracy": 0.87328,
  "precision": 0.9952433575169365,
  "recall": 0.8709582474877013,
  "f1": 0.9289622387658086,
  "confusion_matrix": [
    [
      2236,
      198
    ],
    [
      6138,
      41428
    ]
  ],
  "best_threshold": {
    "threshold": 0.05,
    "f1": 0.9772530351904628,
    "precision": 0.9705559126630311,
    "recall": 0.984043224151705,
    "accuracy": 0.95642
  },
  "confusion_matrix_best": [
    [
      1014,
      1420
    ],
    [
      759,
      46807
    ]
  ]
}